{ "indexes" : [ { "v" : 1, "key" : { "_id" : 1 }, "ns" : "grayscale.Contents", "name" : "_id_" }, { "v" : 1, "key" : { "workspace.target" : 1, "createTime" : -1 }, "ns" : "grayscale.Contents", "w" : true, "name" : "workspace_target_1_createTime_-1" }, { "v" : 1, "key" : { "workspace.target" : 1, "typeId" : 1, "createTime" : -1 }, "ns" : "grayscale.Contents", "w" : true, "name" : "workspace_target_1_typeId_1_createTime_-1" }, { "v" : 1, "key" : { "live.target" : 1, "createTime" : -1 }, "ns" : "grayscale.Contents", "w" : true, "name" : "live_target_1_createTime_-1" }, { "v" : 1, "key" : { "live.target" : 1, "typeId" : 1, "createTime" : -1 }, "ns" : "grayscale.Contents", "w" : true, "name" : "live_target_1_typeId_1_createTime_-1" }, { "v" : 1, "key" : { "workspace.target" : 1, "text" : 1 }, "ns" : "grayscale.Contents", "w" : true, "name" : "workspace_target_1_text_1" }, { "v" : 1, "key" : { "workspace.target" : 1, "typeId" : 1, "text" : 1 }, "ns" : "grayscale.Contents", "w" : true, "name" : "workspace_target_1_typeId_1_text_1" }, { "v" : 1, "key" : { "live.target" : 1, "text" : 1 }, "ns" : "grayscale.Contents", "w" : true, "name" : "live_target_1_text_1" }, { "v" : 1, "key" : { "live.target" : 1, "typeId" : 1, "text" : 1 }, "ns" : "grayscale.Contents", "w" : true, "name" : "live_target_1_typeId_1_text_1" }, { "v" : 1, "key" : { "live.startPublicationDate" : 1 }, "ns" : "grayscale.Contents", "w" : true, "name" : "live_startPublicationDate_1" }, { "v" : 1, "key" : { "live.endPublicationDate" : 1 }, "ns" : "grayscale.Contents", "w" : true, "name" : "live_endPublicationDate_1" }, { "v" : 1, "key" : { "isProduct" : 1 }, "ns" : "grayscale.Contents", "w" : true, "name" : "isProduct_1" } ] }