{ "indexes" : [ { "v" : 1, "key" : { "_id" : 1 }, "ns" : "grayscale.Dam", "name" : "_id_" }, { "v" : 1, "key" : { "target" : 1, "createTime" : -1 }, "ns" : "grayscale.Dam", "w" : true, "name" : "target_1_createTime_-1" }, { "v" : 1, "key" : { "mainFileType" : 1, "target" : 1, "createTime" : -1 }, "ns" : "grayscale.Dam", "w" : true, "name" : "mainFileType_1_target_1_createTime_-1" }, { "v" : 1, "key" : { "originalFileId" : 1 }, "unique" : true, "ns" : "grayscale.Dam", "w" : true, "name" : "originalFileId_1" } ] }