{ "indexes" : [ { "v" : 1, "key" : { "_id" : 1 }, "ns" : "grayscale.Directories", "name" : "_id_" }, { "v" : 1, "key" : { "filePlan" : 1, "parentId" : 1, "orderValue" : 1 }, "ns" : "grayscale.Directories", "w" : true, "name" : "filePlan_1_parentId_1_orderValue_1" }, { "v" : 1, "key" : { "filePlan" : 1, "parentId" : 1, "workspace" : 1, "orderValue" : 1 }, "ns" : "grayscale.Directories", "w" : true, "name" : "filePlan_1_parentId_1_workspace_1_orderValue_1" }, { "v" : 1, "key" : { "text" : 1, "parentId" : 1, "filePlan" : 1 }, "unique" : true, "ns" : "grayscale.Directories", "w" : true, "name" : "text_1_parentId_1_filePlan_1" } ] }