{ "indexes" : [ { "v" : 1, "key" : { "_id" : 1 }, "ns" : "grayscale.Groups", "name" : "_id_" }, { "v" : 1, "key" : { "name" : 1, "parentId" : 1 }, "unique" : true, "ns" : "grayscale.Groups", "w" : true, "name" : "name_1_parentId_1" }, { "v" : 1, "key" : { "parentId" : 1 }, "ns" : "grayscale.Groups", "w" : true, "name" : "parentId_1" }, { "v" : 1, "key" : { "members" : 1 }, "ns" : "grayscale.Groups", "w" : true, "name" : "members_1" }, { "v" : 1, "key" : { "name" : 1 }, "ns" : "grayscale.Groups", "w" : true, "name" : "name_1" } ] }