{ "indexes" : [ { "v" : 1, "key" : { "_id" : 1 }, "ns" : "grayscale.Pages", "name" : "_id_" }, { "v" : 1, "key" : { "site" : 1, "parentId" : 1, "orderValue" : 1 }, "ns" : "grayscale.Pages", "w" : true, "name" : "site_1_parentId_1_orderValue_1" }, { "v" : 1, "key" : { "site" : 1, "parentId" : 1, "workspace" : 1, "orderValue" : 1 }, "ns" : "grayscale.Pages", "w" : true, "name" : "site_1_parentId_1_workspace_1_orderValue_1" }, { "v" : 1, "key" : { "text" : 1, "parentId" : 1, "site" : 1 }, "unique" : true, "ns" : "grayscale.Pages", "w" : true, "name" : "text_1_parentId_1_site_1" } ] }